,guitares-classiques,
Jackson Pro Soloist SL3M Rainbow Crackle,10-modeles-st,11900 Dh
Fender Affinity Stratocaster HSS Pack CAR,10-modeles-st,3400 Dh
Fender Squier Stratocaster Pack,10-modeles-st,1690 Dh
Fender Squier Classic Vibe '60s CAR,10-modeles-st,6900 Dh
Jackson Pro DKA8 Dinky MBK,295-8-cordes,11300 Dh
Fender Jimi Hendrix Stratocaster OW,10-modeles-st,10850 Dh
Fender American Professional Stratocaster HSS SSB,10-modeles-st,19900 Dh
Dean Guitars Michael Schenker Retro,13-signature-guitar-bass,5690 Dh
Jackson PRO SOLOIST SL2M,15-modeles-metal,9900 Dh
Gretsch G2655T Streamliner Imperial Stain,16-guitares-jazz,4700 Dh
Fender Player Stratocaster Polar White,10-modeles-st,7790 Dh
Jackson DKAF7 MS X Dinky,294-7-cordes,6730 Dh
Hagstrom Viking Gaucher,120-modeles-gaucher,6860 Dh
Jackson JS1X Dinky Minion Black,12-modeles-lp,1590 Dh
Jackson Mansoor Juggernaut HT7 USA,294-7-cordes,29990 Dh
Fender Player Stratocaster Tidepool,10-modeles-st,7790 Dh
Harley Benton TE-20,11-modeles-tele,1440 Dh
Harley Benton TE-52,11-modeles-tele,2210 Dh
G&L Tribute ASAT Classic Bluesboy,11-modeles-tele,5900 Dh
G&L Tribute Asat special,11-modeles-tele,5370 Dh
Chapman Guitars ML3 BEA,11-modeles-tele,19990 Dh
Chapman Guitars ML3 Modern Lunar,11-modeles-tele,6590 Dh
Epiphone SG G-400 Pro,14-modeles-sg,5560 Dh
G&L Fullerton Standard ASAT Classic VW,11-modeles-tele,15900 Dh
Charvel Joe Duplantier Pro-Mod San Dimas Style 2 HH,11-modeles-tele,6300 Dh
Jackson JS1X Dinky Minion Neon Pink,12-modeles-lp,1590 Dh
Fender Vintera '70 Telecaster Deluxe Mocha,11-modeles-tele,9790 Dh
G&L Tribute Asat Classic,11-modeles-tele,5950 Dh
Fender Squier Bullet Telecaster Bk,11-modeles-tele,1590 Dh
G&L Tribute Asat Classic SB,11-modeles-tele,6500 Dh
Fender Classi Vibe '70 Telecaster Thinline,11-modeles-tele,4490 Dh
G&L Tribute Asat Classic BB,11-modeles-tele,6520 Dh
Charvel Pro-ModSo-Cal Style 2 SW,11-modeles-tele,
Charvel Pro-ModSo-Cal Style 2 Ash Natural,11-modeles-tele,
Fender Classic Vibe '50s Telecaster BTB,11-modeles-tele,4950 Dh
Edwards E-TE 98ASM,11-modeles-tele,12500 Dh
ESP USA TE-II Open Grain As Black,12-modeles-lp,38000 Dh
Fender Bullet Telecaster BSB,11-modeles-tele,1590 Dh
Jackson JS1X Dinky Minion Pavo Purple,12-modeles-lp,1590 Dh
ESP LTD EC-1000 Evertune QM DBSB,12-modeles-lp,14300 Dh
ESP LTD BB-600B QM STBS,12-modeles-lp,15500 Dh
ESP EC-1000 Black,12-modeles-lp,10260 Dh
Jackson Monarkh SC JS22Q TPB,12-modeles-lp,2790 Dh
Gretsch G5220 Electromatic Jet Bk,12-modeles-lp,5200 Dh
ESP LTD EC1000 STBC,12-modeles-lp,12480 Dh
Gretsch G5425 JET CLUB,12-modeles-lp,3600 Dh
ESP LTD EC-256 STPSB,12-modeles-lp,4900 Dh
Gretsch G5421 Jet Club Red,12-modeles-lp,3600 Dh
Harley Benton SC-400 SGT,12-modeles-lp,1890 Dh
Sterling Music Man JP70 TGB,294-7-cordes,9990 Dh
Hamer Monaco Cherry Sunburst,12-modeles-lp,8300 Dh
ESP LTD Buz-7 QM STB,294-7-cordes,14500 Dh
ESP LTD M-1007 Multi-Scale STBLKS,294-7-cordes,14560 Dh
Esp E-II Horizon FR-7 BTB,294-7-cordes,26900 Dh
ESP LTD M-1007 Multi-Scale Natural Satin,294-7-cordes,14560 Dh
ESP E-II M-II 7 NT PNF,294-7-cordes,26900 Dh
Sterling Music Man JP157 NBL,294-7-cordes,10300 Dh
Jackson X Dinky Arch Top DKAF7 MS Gloss Black,294-7-cordes,5700 Dh
Jackson Juggernaut HT7 Blue Sky Burst,294-7-cordes,8900 Dh
Charvel Angel Vivaldi DK24-7 Nova,294-7-cordes,12500 Dh
Schecter Demon 7 ABSN 2018,294-7-cordes,7780 Dh
Jackson PRO SOLOIST SL7,294-7-cordes,10800 Dh
Jackson PRO SOLOIST SL7P HT MAH,294-7-cordes,12600 Dh
ESP LTD MH-417 Black Satin,294-7-cordes,9860 Dh
Schecter C-1 Hellraiser BC Gaucher,120-modeles-gaucher,12050 Dh
ESP LTD MH-417 BLKS,120-modeles-gaucher,12090 Dh
Jackson Juggernaut HT7 Blue Neon Orange,294-7-cordes,8900 Dh
Jackson JS22 Dinky (gaucher),120-modeles-gaucher,2490 Dh
Harley Benton TE-52 NA LH Vintage Series,120-modeles-gaucher,2180 Dh
ESP Ken Susi M-7 Evertune,294-7-cordes,18500 Dh
Charvel ProMod SanDimas St 1 HH FR LH,120-modeles-gaucher,8350 Dh
Jackson JS32 Dinky BB Gaucher,120-modeles-gaucher,3400 Dh
Jackson PRO SOLOIST SL2 LH,120-modeles-gaucher,12600 Dh
Jackson Monarkh SC Gaucher,120-modeles-gaucher,8490 Dh
Harley Benton DC Custom,14-modeles-sg,3550 Dh
Harley Benton ST-20 Gaucher,120-modeles-gaucher,1290 Dh
Fender Affinity Stratocaster (gaucher),120-modeles-gaucher,2400 Dh
ESP LTD EC1000 Vintage EMG Gaucher,120-modeles-gaucher,10400 Dh
Hagstrom Retroscape Condor,14-modeles-sg,6830 Dh
Harley Benton DC-Custom 612,14-modeles-sg,7320 Dh
Hagstrom Retroscape Imapla,14-modeles-sg,6300 Dh
Fender Affinity Telecaster (gaucher),120-modeles-gaucher,2400 Dh
Jackson Pro Monarkh SC GB,14-modeles-sg,7970 Dh
Hagstrom Pat Smear Bk,14-modeles-sg,8000 Dh
Edwards E-SG 120LT2 Bk,14-modeles-sg,13650 Dh
Jackson PRO SOLOIST SL2A,15-modeles-metal,9800 Dh
Hagstrom Retroscape H-II,14-modeles-sg,5900 Dh
Jackson Soloist SL3X Neon Yellow,15-modeles-metal,7200 Dh
Charvel LTD SUPER STOCK MODEL 2 Skull And Bones,15-modeles-metal,12800 Dh
EVH Ltd WOLFGANG SPECIAL ASH,15-modeles-metal,12600 Dh
Jackson CHRIS BRODERICK SOLOIST HT7,15-modeles-metal,9900 Dh
Hagstrom Retroscape H-III,14-modeles-sg,6150 Dh
Jackson Monarkh SCQ Satin Amber,15-modeles-metal,8200 Dh
Jackson Monarkh scx7 Gloss Black,15-modeles-metal,8880 Dh
Jackson Monarkh SCX FM Cherry Burst,15-modeles-metal,5990 Dh
Jackson Monarkh SC Snow White,15-modeles-metal,8900 Dh
Jackson Rhoads JS32T White,15-modeles-metal,3900 Dh
Jackson Kelly KEXQ Cherry Burst,15-modeles-metal,7900 Dh
Jackson JS32TQ DKA Trans Bk,15-modeles-metal,3200 Dh
Jackson Dave Davidson Warrior WR7,15-modeles-metal,40500 Dh
ESP LTD EC-1000s Fluence Black,15-modeles-metal,13100 Dh
Edwards E-FV-120D Vintage White,15-modeles-metal,13650 Dh
Jackson Rhoads RRXT24-7,15-modeles-metal,7590 Dh
Gretsch G6228 Players Edition Jet CAR,16-guitares-jazz,20900 Dh
Jackson Monarkh SCX Zebrawood Natural,15-modeles-metal,5990 Dh
Jackson Soloist SL3X Zebrawood,15-modeles-metal,6680 Dh
Gretsch G6609TG Players Edition Broadkaster Vintage White,16-guitares-jazz,24860 Dh
Gretsch G5022CWFE RANCHER FALCON,16-guitares-jazz,6520 Dh
Gretsch G5022CWFE RANCHER FALCON,16-guitares-jazz,6270 Dh
Gretsch G2420 HLW SC ABB,16-guitares-jazz,4710 Dh
Jackson Monarkh SC JS22 Tobaco Burst,15-modeles-metal,2900 Dh
Gretsch G5420TG FSR Édition Limitée,16-guitares-jazz,10750 Dh
Gretsch G5622T ELECTROMATIC Georgia Green,16-guitares-jazz,9700 Dh
Gretsch G5422TG Ltd Electromatic Midnight Sapphire,16-guitares-jazz,11900 Dh
Gretsch G6120T-HR BRIAN SETZER HOT ROD CBB,16-guitares-jazz,29000 Dh
Gretsch G5622T Electromatic,16-guitares-jazz,8900 Dh
Gretsch G2622TG-P90 LTD STREAMLINER CAR,16-guitares-jazz,6200 Dh
Gretsch G2655T Streamliner Fairlane Blue,16-guitares-jazz,5900 Dh
Gretsch G6120T-BSSMK Brian Setzer '59,16-guitares-jazz,35500 Dh
Gretsch G6120T-HR BRIAN SETZER HOT ROD ECGS,16-guitares-jazz,29000 Dh
Gretsch G5230T Electromatic Jet FT AS,16-guitares-jazz,5520 Dh
Gretsch G5232T ELECTROMATIC DOUBLE JET FT,16-guitares-jazz,5490 Dh
Gretsch G5232T Electromatic Double Jet DCM,16-guitares-jazz,5490 Dh
Gretsch G2420T Streamliner CAR,16-guitares-jazz,5900 Dh
Gretsch G2420 Streamliner Village Amber,16-guitares-jazz,4500 Dh
Gretsch G2655 Streamliner Gunmetal,16-guitares-jazz,4200 Dh
Gibson BB King Lucille,13-signature-guitar-bass,61730 Dh
Brian May Brian May Signature CH,13-signature-guitar-bass,9820 Dh
Luthman Mystic Bass,13-signature-guitar-bass,30400 Dh
ESP LTD FB-4 Frank Bello,13-signature-guitar-bass,13330 Dh
Dean Guitars Michael Angelo Batio,13-signature-guitar-bass,4700 Dh
PRS SE Santana,13-signature-guitar-bass,9680 Dh
Warwick Adam Clayton 4,13-signature-guitar-bass,8600 Dh
Dean Guitars Mustaine Zero In Deth weTrust,13-signature-guitar-bass,6930 Dh
Gretsch G6120 DE Duane Eddy Signature,13-signature-guitar-bass,37620 Dh
PRS SE Santana LTD Quilt,13-signature-guitar-bass,9500 Dh
Duesenberg Starplayer Mike Campbell,13-signature-guitar-bass,38310 Dh
Epiphone Union Jack Sheraton,13-signature-guitar-bass,9080 Dh
Brian May Signature CH,13-signature-guitar-bass,9170 Dh
Dean Guitars Michael Amott Tyrant X SPL,13-signature-guitar-bass,4080 Dh
Music Man John Petrucci Majesty,13-signature-guitar-bass,43220 Dh
Gibson LP Signature 2014,13-signature-guitar-bass,19380 Dh
ESP LTD NOSFERATU,13-signature-guitar-bass,16870 Dh
ESP LTD Iron Cross SW,13-signature-guitar-bass,15890 Dh
Jackson Adrian Smith SDX,13-signature-guitar-bass,4840 Dh
Jackson JS32-8 Dinky DKA,295-8-cordes,3890 Dh
Jackson X Dynky Arch TopDKAF8 MS Staines Mahogany,295-8-cordes,7500 Dh
Jackson DKAF8 MS Stained Mahogany,295-8-cordes,7600 Dh
Jackson JS32-8 Dinky DKA QM TB,295-8-cordes,3990 Dh
ESP LTD H-308 Black Satin,295-8-cordes,8350 Dh
ESP LTD Vulture BKS Hetfield,13-signature-guitar-bass,17590 Dh
Jackson SLAT8 MultiScale Gloss Black,295-8-cordes,10500 Dh
Fender Player Stratocaster Buttercream,10-modeles-st,7790 Dh
Jackson DKA8M HT Orange Blaze,295-8-cordes,10900 Dh
Fender Player Stratocaster Capri Orange,10-modeles-st,7790 Dh
Fender Player Stratocaster Silver,10-modeles-st,7790 Dh
Schecter BlackJack ATX C-8,295-8-cordes,12050 Dh
Fender Squier Bullet Stratocaster HT HSS Bk,10-modeles-st,1590 Dh
Fender Squier Bullet Stratocaster HSS Bk,10-modeles-st,1590 Dh
Jackson JS32-8 DKA HT Satin Black,295-8-cordes,4600 Dh
Fender Squier Bullet Stratocaster HT SSS Bk,10-modeles-st,1550 Dh
Fender Squier Bullet Stratocaster SSS Bk,10-modeles-st,1590 Dh
Fender Bullet Stratocaster HSS AW,10-modeles-st,1590 Dh
Fender Bullet Stratocaster HT HSS AW,10-modeles-st,1590 Dh
Fender Bullet Stratocaster HSS BSB,10-modeles-st,1590 Dh
Fender Bullet Stratocaster SSS Bk,10-modeles-st,1590 Dh
Fender Classic Vibe '50s Telecaster,10-modeles-st,6900 Dh
Fender Affinity Stratocaster HSS Pack,10-modeles-st,3400 Dh
